title,price,rating,reviews,availability
BIG Bobby Car Classic Ride-On Vehicle Red,,4.7 out of 5 stars,88 ratings,Currently unavailable.
BIG Bobby Car Classic Ride-On Vehicle Red,,4.7 out of 5 stars,88 ratings,Currently unavailable.
BIG Bobby Car Classic Ride-On Vehicle Red,,4.7 out of 5 stars,88 ratings,Currently unavailable.
"Fisher-Price Baby Crib Toy, 3-in-1 Projection Mobile, Butterfly Dreams Sound Machine with Light Projection for Newborn to Toddler",,4.2 out of 5 stars,"5,068 ratings",In Stock
"Fisher-Price Baby Crib Toy, 3-in-1 Projection Mobile, Butterfly Dreams Sound Machine with Light Projection for Newborn to Toddler",,4.2 out of 5 stars,"5,068 ratings",In Stock
"Fisher-Price Baby Crib Toy, 3-in-1 Projection Mobile, Butterfly Dreams Sound Machine with Light Projection for Newborn to Toddler",,4.2 out of 5 stars,"5,068 ratings",In Stock
"INFANTINO 3 in 1 Projector Musical Mobile - Convertible Mobile, Table and cot Light and Projector, with Wake up Mode to simulate Daylight, Complete with 6 melodies and 4 Nature Sounds",,4.2 out of 5 stars,"4,418 ratings",Not Available
"INFANTINO 3 in 1 Projector Musical Mobile - Convertible Mobile, Table and cot Light and Projector, with Wake up Mode to simulate Daylight, Complete with 6 melodies and 4 Nature Sounds",,4.2 out of 5 stars,"4,418 ratings",Not Available
"INFANTINO 3 in 1 Projector Musical Mobile - Convertible Mobile, Table and cot Light and Projector, with Wake up Mode to simulate Daylight, Complete with 6 melodies and 4 Nature Sounds",,4.2 out of 5 stars,"4,418 ratings",Not Available
"Mobile Baby Wind Chimes, Cloud Doll Wind Chime, Mobile Baby Wood with Felt Balls, 3D Clouds, Mobile Baby Girl Bed Bell Pendant for Baby Bed Boys and Girls (Grey)",,4.8 out of 5 stars,111 ratings,Currently unavailable.
"Mobile Baby Wind Chimes, Cloud Doll Wind Chime, Mobile Baby Wood with Felt Balls, 3D Clouds, Mobile Baby Girl Bed Bell Pendant for Baby Bed Boys and Girls (Grey)",,4.8 out of 5 stars,111 ratings,Currently unavailable.
"Mobile Baby Wind Chimes, Cloud Doll Wind Chime, Mobile Baby Wood with Felt Balls, 3D Clouds, Mobile Baby Girl Bed Bell Pendant for Baby Bed Boys and Girls (Grey)",,4.8 out of 5 stars,111 ratings,Currently unavailable.
"ULLENBOOM ® Baby Crawling Blanket 120 x 120 cm Padded Eucalyptus (Made in EU) - Crawling Blanket for Baby with 100% Oeko-Tex Cotton, Ideal as a Baby Blanket and Play Blanket",,4.8 out of 5 stars,8 ratings,Currently unavailable.
"ULLENBOOM ® Baby Crawling Blanket 120 x 120 cm Padded Eucalyptus (Made in EU) - Crawling Blanket for Baby with 100% Oeko-Tex Cotton, Ideal as a Baby Blanket and Play Blanket",,4.8 out of 5 stars,8 ratings,Currently unavailable.
"ULLENBOOM ® Baby Crawling Blanket 120 x 120 cm Padded Eucalyptus (Made in EU) - Crawling Blanket for Baby with 100% Oeko-Tex Cotton, Ideal as a Baby Blanket and Play Blanket",,4.8 out of 5 stars,8 ratings,Currently unavailable.
Fehn Little Castle Music Mobile - Music Box Mobile with Magical Castle Creatures,,4.6 out of 5 stars,"4,346 ratings",Currently unavailable.
Fehn Little Castle Music Mobile - Music Box Mobile with Magical Castle Creatures,,4.6 out of 5 stars,"4,346 ratings",Currently unavailable.
Fehn Little Castle Music Mobile - Music Box Mobile with Magical Castle Creatures,,4.6 out of 5 stars,"4,346 ratings",Currently unavailable.
"CHILDLIKE BEHAVIOR Baby Play Mat - Play Pen Tummy Time Mat & Crawling Mat Foam Play Mat for Baby with Interlocking Floor Tiles 72x48 Inches Puzzle- Baby Floor Mat Infants & Toddlers (X-Large, Oranges)",,4.4 out of 5 stars,"3,647 ratings",Currently unavailable.
"CHILDLIKE BEHAVIOR Baby Play Mat - Play Pen Tummy Time Mat & Crawling Mat Foam Play Mat for Baby with Interlocking Floor Tiles 72x48 Inches Puzzle- Baby Floor Mat Infants & Toddlers (X-Large, Oranges)",,4.4 out of 5 stars,"3,647 ratings",Currently unavailable.
"CHILDLIKE BEHAVIOR Baby Play Mat - Play Pen Tummy Time Mat & Crawling Mat Foam Play Mat for Baby with Interlocking Floor Tiles 72x48 Inches Puzzle- Baby Floor Mat Infants & Toddlers (X-Large, Oranges)",,4.4 out of 5 stars,"3,647 ratings",Currently unavailable.
"Fehn 065091 Little Castle 3D Activity Blanket, Blue",,4.8 out of 5 stars,"1,078 ratings",Currently unavailable.
"Fehn 065091 Little Castle 3D Activity Blanket, Blue",,4.8 out of 5 stars,"1,078 ratings",Currently unavailable.
"Fehn 065091 Little Castle 3D Activity Blanket, Blue",,4.8 out of 5 stars,"1,078 ratings",Currently unavailable.
Baby Einstein 4-in-1 Kickin' Tunes Music and Language Play Gym and Piano Tummy Time Activity Mat,,4.7 out of 5 stars,"17,049 ratings",In Stock
Baby Einstein 4-in-1 Kickin' Tunes Music and Language Play Gym and Piano Tummy Time Activity Mat,,4.7 out of 5 stars,"17,049 ratings",In Stock
Baby Einstein 4-in-1 Kickin' Tunes Music and Language Play Gym and Piano Tummy Time Activity Mat,,4.7 out of 5 stars,"17,049 ratings",In Stock
"Fehn 249040 Musical Mobile, Melody- Schubert's Cradle Song",,4.1 out of 5 stars,94 ratings,
"Fehn 249040 Musical Mobile, Melody- Schubert's Cradle Song",,4.1 out of 5 stars,94 ratings,
"Fehn 249040 Musical Mobile, Melody- Schubert's Cradle Song",,4.1 out of 5 stars,94 ratings,
"Richgv Soft Baby Books Toys 0-3-6-12 Months, 3D Touch and Feel Crinkle Books, Baby Boy Girl Easter Gifts, Cloth Books Baby Stroller Sensory Toys, Newborn Infant Toys Gifts Tummy Time Toys",,4.7 out of 5 stars,906 ratings,Currently unavailable.
"Richgv Soft Baby Books Toys 0-3-6-12 Months, 3D Touch and Feel Crinkle Books, Baby Boy Girl Easter Gifts, Cloth Books Baby Stroller Sensory Toys, Newborn Infant Toys Gifts Tummy Time Toys",,4.7 out of 5 stars,906 ratings,Currently unavailable.
"Richgv Soft Baby Books Toys 0-3-6-12 Months, 3D Touch and Feel Crinkle Books, Baby Boy Girl Easter Gifts, Cloth Books Baby Stroller Sensory Toys, Newborn Infant Toys Gifts Tummy Time Toys",,4.7 out of 5 stars,906 ratings,Currently unavailable.
"Baby Einstein Octopus Water Play Mat - Safety Fill Line, Tummy Time Activity & Sensory-Toy for Babies Newborn and up, Blue",,4.5 out of 5 stars,846 ratings,In Stock
"Baby Einstein Octopus Water Play Mat - Safety Fill Line, Tummy Time Activity & Sensory-Toy for Babies Newborn and up, Blue",,4.5 out of 5 stars,846 ratings,In Stock
"Baby Einstein Octopus Water Play Mat - Safety Fill Line, Tummy Time Activity & Sensory-Toy for Babies Newborn and up, Blue",,4.5 out of 5 stars,846 ratings,In Stock
